own,type,num,tel,city,district
사회복지법인대한구조봉사회,특수구급차,78구1500,02-3431-9111,서울,강남구
사회복지법인대한구조봉사회,일반구급차,76고5391,02-3431-9111,서울,강남구
사회복지법인대한구조봉사회,특수구급차,72보1405,02-3431-9111,서울,강남구
사회복지법인대한구조봉사회,일반구급차,76너3457,02-3431-9111,서울,강남구
사회복지법인대한구조봉사회,특수구급차,77두7278,02-3431-9111,서울,강남구
사회복지법인대한구조봉사회,특수구급차,70머3783,02-3431-9111,서울,강남구
사회복지법인대한구조봉사회,일반구급차,76도4694,02-3431-9111,서울,강남구
사회복지법인대한구조봉사회,일반구급차,72어2319,02-3431-9111,서울,강남구
사회복지법인대한구조봉사회,특수구급차,76소4540,02-3431-9111,서울,강남구
사회복지법인대한구조봉사회,특수구급차,78두2228,02-3431-9111,서울,강남구
사회복지법인대한구조봉사회,특수구급차,75더4260,02-3431-9111,서울,강남구
(주)에스오에스,특수구급차,75누5968,1566-0129,서울,강동구
(주)에스오에스,일반구급차,73수5020,1566-0129,서울,강동구
(주)에스오에스,특수구급차,71더7014,1566-0129,서울,강동구
(주)에스오에스,특수구급차,71누9477,1566-0129,서울,강동구
(주)에스오에스,특수구급차,71누9372,1566-0129,서울,강동구
(주)에스오에스,특수구급차,71더7420,1566-0129,서울,강동구
(주)에스오에스,특수구급차,71다4646,1566-0129,서울,강동구
(주)한성응급환자이송단,특수구급차,76더8438,02-442-0129,서울,강동구
(주)한성응급환자이송단,일반구급차,79소7231,02-442-0129,서울,강동구
(주)한성응급환자이송단,일반구급차,71보8012,02-442-0129,서울,강동구
(주)한성응급환자이송단,특수구급차,98나4018,02-442-0129,서울,강동구
(주)한성응급환자이송단,특수구급차,71부4919,02-442-0129,서울,강동구
(주)한성응급환자이송단,특수구급차,70로8955,02-442-0129,서울,강동구
(주)한성응급환자이송단,일반구급차,79버0829,02-442-0129,서울,강동구
(주)한성응급환자이송단,특수구급차,74거8730,02-442-0129,서울,강동구
(주)한성응급환자이송단,일반구급차,78구3606,02-442-0129,서울,강동구
(주)한성응급환자이송단,특수구급차,74거8907,02-442-0129,서울,강동구
(주)한성응급환자이송단,특수구급차,75루9301,02-442-0129,서울,강동구
(주)한성응급환자이송단,특수구급차,78구3926,02-442-0129,서울,강동구
㈜제일응급환자이송단,일반구급차,72주9718,02-426-1339,서울,강동구
㈜제일응급환자이송단,특수구급차,76마3470,02-426-1339,서울,강동구
㈜제일응급환자이송단,특수구급차,75보4734,02-426-1339,서울,강동구
㈜제일응급환자이송단,일반구급차,76누8550,02-426-1339,서울,강동구
㈜제일응급환자이송단,특수구급차,77고8946,02-426-1339,서울,강동구
㈜제일응급환자이송단,일반구급차,71러7414,02-426-1339,서울,강동구
㈜제일응급환자이송단,일반구급차,76노0652,02-426-1339,서울,강동구
㈜제일응급환자이송단,일반구급차,79마2313,02-426-1339,서울,강동구
㈜제일응급환자이송단,일반구급차,78소2357,02-426-1339,서울,강동구
㈜제일응급환자이송단,특수구급차,79두9352,02-426-1339,서울,강동구
㈜제일응급환자이송단,일반구급차,78구3587,02-426-1339,서울,강동구
㈜제일응급환자이송단,일반구급차,78노3290,02-426-1339,서울,강동구
㈜제일응급환자이송단,특수구급차,71거7864,02-426-1339,서울,강동구
㈜제일응급환자이송단,일반구급차,72가3876,02-426-1339,서울,강동구
㈜제일응급환자이송단,일반구급차,72보3265,02-426-1339,서울,강동구
㈜제일응급환자이송단,특수구급차,77더5422,02-426-1339,서울,강동구
㈜제일응급환자이송단,특수구급차,71로8470,02-426-1339,서울,강동구
㈜제일응급환자이송단,특수구급차,76보7817,02-426-1339,서울,강동구
㈜제일응급환자이송단,일반구급차,74거8969,02-426-1339,서울,강동구
㈜제일응급환자이송단,일반구급차,74거8892,02-426-1339,서울,강동구
(주)서울911이송센터,일반구급차,75주4047,1588-4129,서울,강서구
(주)서울911이송센터,특수구급차,71부4838,1588-4129,서울,강서구
(주)서울911이송센터,일반구급차,72머9671,1588-4129,서울,강서구
(주)서울911이송센터,일반구급차,75더4986,1588-4129,서울,강서구
(주)서울911이송센터,일반구급차,70로9157,1588-4129,서울,강서구
(주)서울911이송센터,특수구급차,71주6148,1588-4129,서울,강서구
(주)서울911이송센터,특수구급차,79더9924,1588-4129,서울,강서구
(주)서울911이송센터,특수구급차,71가4224,1588-4129,서울,강서구
(주)서울911이송센터,일반구급차,71가4234,1588-4129,서울,강서구
(주)서울911이송센터,특수구급차,71나9870,1588-4129,서울,강서구
(주)서울911이송센터,일반구급차,79러4642,1588-4129,서울,강서구
㈜선응급환자이송,일반구급차,73수3915,02-853-4455,서울,금천구
㈜선응급환자이송,특수구급차,73수5148,02-853-4455,서울,금천구
㈜선응급환자이송,특수구급차,75보5355,02-853-4455,서울,금천구
㈜선응급환자이송,일반구급차,78어7475,02-853-4455,서울,금천구
㈜선응급환자이송,일반구급차,70로9051,02-853-4455,서울,금천구
㈜선응급환자이송,특수구급차,70부5377,02-853-4455,서울,금천구
㈜선응급환자이송,일반구급차,72우6129,02-853-4455,서울,금천구
㈜선응급환자이송,특수구급차,71누9494,02-853-4455,서울,금천구
㈜선응급환자이송,일반구급차,75라3599,02-853-4455,서울,금천구
㈜선응급환자이송,특수구급차,70부5373,02-853-4455,서울,금천구
(주)서울129구급대,일반구급차,71더7708,02-971-0129,서울,노원구
(주)서울129구급대,일반구급차,70두7765,02-971-0129,서울,노원구
(주)서울129구급대,일반구급차,72다2849,02-971-0129,서울,노원구
(주)서울129구급대,일반구급차,75저8882,02-971-0129,서울,노원구
(주)서울129구급대,일반구급차,73수5119,02-971-0129,서울,노원구
(주)서울129구급대,특수구급차,79조7003,02-971-0129,서울,노원구
(주)서울129구급대,일반구급차,70우8104,02-971-0129,서울,노원구
(주)서울129구급대,특수구급차,78무4649,02-971-0129,서울,노원구
(주)서울129구급대,일반구급차,78무4767,02-971-0129,서울,노원구
(주)서울129구급대,일반구급차,78무4760,02-971-0129,서울,노원구
(주)서울129구급대,일반구급차,78구3708,02-971-0129,서울,노원구
(주)서울129구급대,특수구급차,78무4646,02-971-0129,서울,노원구
(주)서울129구급대,일반구급차,71나9774,02-971-0129,서울,노원구
(주)서울129구급대,특수구급차,78머7944,02-971-0129,서울,노원구
(주)서울129구급대,특수구급차,74무6290,02-971-0129,서울,노원구
(주)서울129구급대,일반구급차,77라6311,02-971-0129,서울,노원구
(주)서울129구급대,일반구급차,77라3575,02-971-0129,서울,노원구
(주)서울129구급대,일반구급차,71우8088,02-971-0129,서울,노원구
(주)9119구급센타,특수구급차,98저9959,02-926-9119,서울,도봉구
(주)9119구급센타,특수구급차,74도9716,02-926-9119,서울,도봉구
(주)9119구급센타,일반구급차,72주2995,02-926-9119,서울,도봉구
(주)9119구급센타,특수구급차,78머7991,02-926-9119,서울,도봉구
(주)9119구급센타,특수구급차,77라7664,02-926-9119,서울,도봉구
(주)9119구급센타,일반구급차,71거9007,02-926-9119,서울,도봉구
(주)9119구급센타,특수구급차,73너9766,02-926-9119,서울,도봉구
(주)9119구급센타,일반구급차,71버0867,02-926-9119,서울,도봉구
(주)9119구급센타,특수구급차,77라7744,02-926-9119,서울,도봉구
(주)9119구급센타,특수구급차,77라7742,02-926-9119,서울,도봉구
(주)9119구급센타,특수구급차,75라3811,02-926-9119,서울,도봉구
(주)9119구급센타,일반구급차,70서9956,02-926-9119,서울,도봉구
(주)9119구급센타,특수구급차,71주6333,02-926-9119,서울,도봉구
(주)9119구급센타,특수구급차,77라7833,02-926-9119,서울,도봉구
(주)9119구급센타,특수구급차,74무6062,02-926-9119,서울,도봉구
(주)9119구급센타,일반구급차,77라7999,02-926-9119,서울,도봉구
(주)9119구급센타,일반구급차,74무6210,02-926-9119,서울,도봉구
(주)9119구급센타,특수구급차,77라7976,02-926-9119,서울,도봉구
(주)9119구급센타,특수구급차,73너9888,02-926-9119,서울,도봉구
(주)9119구급센타,특수구급차,74노9134,02-926-9119,서울,도봉구
쿱3119응급환자이송협동조합,일반구급차,71더7655,02-481-0119,서울,동대문구
쿱3119응급환자이송협동조합,일반구급차,79구1466,02-481-0119,서울,동대문구
쿱3119응급환자이송협동조합,특수구급차,72보1295,02-481-0119,서울,동대문구
쿱3119응급환자이송협동조합,일반구급차,78도6229,02-481-0119,서울,동대문구
쿱3119응급환자이송협동조합,특수구급차,73라6605,02-481-0119,서울,동대문구
쿱3119응급환자이송협동조합,일반구급차,70가8203,02-481-0119,서울,동대문구
쿱3119응급환자이송협동조합,일반구급차,74도6814,02-481-0119,서울,동대문구
쿱3119응급환자이송협동조합,일반구급차,74도6959,02-481-0119,서울,동대문구
쿱3119응급환자이송협동조합,특수구급차,70소8806,02-481-0119,서울,동대문구
쿱3119응급환자이송협동조합,특수구급차,70소8865,02-481-0119,서울,동대문구
쿱3119응급환자이송협동조합,일반구급차,76무9293,02-481-0119,서울,동대문구
쿱3119응급환자이송협동조합,특수구급차,72가3875,02-481-0119,서울,동대문구
쿱3119응급환자이송협동조합,일반구급차,78구3622,02-481-0119,서울,동대문구
쿱3119응급환자이송협동조합,일반구급차,70더3518,02-481-0119,서울,동대문구
쿱3119응급환자이송협동조합,일반구급차,71무3741,02-481-0119,서울,동대문구
(주)대한응급환자이송단,특수구급차,71주6440,02-821-1119,서울,동작구
(주)대한응급환자이송단,특수구급차,75라3619,02-821-1119,서울,동작구
(주)대한응급환자이송단,특수구급차,71주6454,02-821-1119,서울,동작구
(주)대한응급환자이송단,특수구급차,78구3758,02-821-1119,서울,동작구
(주)대한응급환자이송단,특수구급차,73너9717,02-821-1119,서울,동작구
(주)대한응급환자이송단,특수구급차,73너9704,02-821-1119,서울,동작구
(주)대한응급환자이송단,특수구급차,79두6603,02-821-1119,서울,동작구
(주)대한응급환자이송단,특수구급차,79두6646,02-821-1119,서울,동작구
(주)대한응급환자이송단,특수구급차,79노7865,02-821-1119,서울,동작구
(주)대한응급환자이송단,특수구급차,71주6441,02-821-1119,서울,동작구
(주)대한응급환자이송단,특수구급차,73너9649,02-821-1119,서울,동작구
(주)대한응급환자이송단,특수구급차,73너9722,02-821-1119,서울,동작구
(주)대한응급환자이송단,일반구급차,73너9694,02-821-1119,서울,동작구
(주)대한응급환자이송단,특수구급차,71주6449,02-821-1119,서울,동작구
(주)대한응급환자이송단,특수구급차,77라7743,02-821-1119,서울,동작구
(주)대한응급환자이송단,특수구급차,71주6484,02-821-1119,서울,동작구
(주)대한응급환자이송단,일반구급차,77저1121,02-821-1119,서울,동작구
(주)대한응급환자이송단,일반구급차,73너9764,02-821-1119,서울,동작구
(주)대한응급환자이송단,특수구급차,73너9877,02-821-1119,서울,동작구
(주)대한응급환자이송단,일반구급차,73너9742,02-821-1119,서울,동작구
(주)대한응급환자이송단,일반구급차,74너6343,02-821-1119,서울,동작구
(주)대한응급환자이송단,특수구급차,73너9997,02-821-1119,서울,동작구
(주)이엠에스응급환자이송센터,일반구급차,70가8321,02-313-1339,서울,마포구
(주)이엠에스응급환자이송센터,일반구급차,78머7928,02-313-1339,서울,마포구
(주)이엠에스응급환자이송센터,특수구급차,73조9027,02-313-1339,서울,마포구
(주)이엠에스응급환자이송센터,특수구급차,70가8205,02-313-1339,서울,마포구
(주)이엠에스응급환자이송센터,일반구급차,71거3129,02-313-1339,서울,마포구
(주)이엠에스응급환자이송센터,특수구급차,70루8969,02-313-1339,서울,마포구
(주)이엠에스응급환자이송센터,일반구급차,71나9984,02-313-1339,서울,마포구
(주)이엠에스응급환자이송센터,일반구급차,71나9878,02-313-1339,서울,마포구
(주)이엠에스응급환자이송센터,특수구급차,71나9860,02-313-1339,서울,마포구
(주)이엠에스응급환자이송센터,일반구급차,70나4472,02-313-1339,서울,마포구
(주)이엠에스응급환자이송센터,일반구급차,71나9854,02-313-1339,서울,마포구
(주)이엠에스응급환자이송센터,일반구급차,77더2512,02-313-1339,서울,마포구
(주)이엠에스응급환자이송센터,특수구급차,70나4464,02-313-1339,서울,마포구
(주)이엠에스응급환자이송센터,일반구급차,79두1297,02-313-1339,서울,마포구
(주)이엠에스응급환자이송센터,일반구급차,79소0846,02-313-1339,서울,마포구
㈜24시응급환자이송단,일반구급차,71누9313,02-304-0129,서울,서대문구
㈜24시응급환자이송단,일반구급차,71누9319,02-304-0129,서울,서대문구
㈜24시응급환자이송단,특수구급차,76마9658,02-304-0129,서울,서대문구
㈜24시응급환자이송단,특수구급차,71누9445,02-304-0129,서울,서대문구
㈜24시응급환자이송단,일반구급차,78구3666,02-304-0129,서울,서대문구
㈜24시응급환자이송단,특수구급차,71누9304,02-304-0129,서울,서대문구
㈜24시응급환자이송단,특수구급차,76노0661,02-304-0129,서울,서대문구
㈜24시응급환자이송단,특수구급차,71로8403,02-304-0129,서울,서대문구
㈜24시응급환자이송단,특수구급차,72부0881,02-304-0129,서울,서대문구
㈜이엠에스코리아,일반구급차,71거7939,02-420-2114,서울,서대문구
㈜이엠에스코리아,일반구급차,71거7888,02-420-2114,서울,서대문구
㈜이엠에스코리아,일반구급차,74모8549,02-420-2114,서울,서대문구
㈜이엠에스코리아,특수구급차,78구4059,02-420-2114,서울,서대문구
㈜이엠에스코리아,일반구급차,78로6922,02-420-2114,서울,서대문구
㈜이엠에스코리아,특수구급차,78더4366,02-420-2114,서울,서대문구
㈜이엠에스코리아,일반구급차,78나5187,02-420-2114,서울,서대문구
㈜이엠에스코리아,일반구급차,73로2603,02-420-2114,서울,서대문구
㈜이엠에스코리아,일반구급차,70도8340,02-420-2114,서울,서대문구
㈜이엠에스코리아,일반구급차,70무5195,02-420-2114,서울,서대문구
㈜이엠에스코리아,특수구급차,78구4329,02-420-2114,서울,서대문구
㈜이엠에스코리아,특수구급차,71구8899,02-420-2114,서울,서대문구
㈜이엠에스코리아,일반구급차,72우1289,02-420-2114,서울,서대문구
㈜이엠에스코리아,특수구급차,78구4439,02-420-2114,서울,서대문구
㈜이엠에스코리아,특수구급차,72우1918,02-420-2114,서울,서대문구
㈜이엠에스코리아,특수구급차,79두6689,02-420-2114,서울,서대문구
㈜이엠에스코리아,특수구급차,73거6749,02-420-2114,서울,서대문구
㈜엠티케어,일반구급차,71더7791,02-595-1339,서울,서초구
㈜엠티케어,특수구급차,71고6475,02-595-1339,서울,서초구
㈜엠티케어,특수구급차,70두7923,02-595-1339,서울,서초구
㈜엠티케어,특수구급차,70두7841,02-595-1339,서울,서초구
㈜엠티케어,일반구급차,73조3130,02-595-1339,서울,서초구
㈜엠티케어,특수구급차,75보2973,02-595-1339,서울,서초구
㈜엠티케어,일반구급차,78무8696,02-595-1339,서울,서초구
㈜엠티케어,일반구급차,76마9238,02-595-1339,서울,서초구
㈜엠티케어,특수구급차,75보9137,02-595-1339,서울,서초구
㈜엠티케어,특수구급차,70로8767,02-595-1339,서울,서초구
㈜엠티케어,일반구급차,78구3748,02-595-1339,서울,서초구
㈜엠티케어,일반구급차,72가3748,02-595-1339,서울,서초구
㈜엠티케어,특수구급차,76보7713,02-595-1339,서울,서초구
(주)129응급구조단,특수구급차,72보1328,02-456-1339,서울,성동구
(주)129응급구조단,특수구급차,78로9499,02-456-1339,서울,성동구
(주)129응급구조단,일반구급차,71더7968,02-456-1339,서울,성동구
(주)129응급구조단,일반구급차,76마9076,02-456-1339,서울,성동구
(주)129응급구조단,일반구급차,76마9281,02-456-1339,서울,성동구
(주)129응급구조단,특수구급차,78루2588,02-456-1339,서울,성동구
(주)129응급구조단,일반구급차,78무8840,02-456-1339,서울,성동구
(주)129응급구조단,일반구급차,79너3088,02-456-1339,서울,성동구
(주)129응급구조단,특수구급차,79더9922,02-456-1339,서울,성동구
(주)129응급구조단,일반구급차,79조8818,02-456-1339,서울,성동구
(주)129응급구조단,일반구급차,72수3812,02-456-1339,서울,성동구
(주)129응급구조단,특수구급차,72우1753,02-456-1339,서울,성동구
(주)129응급구조단,일반구급차,71도5516,02-456-1339,서울,성동구
(주)129응급구조단,일반구급차,71도5748,02-456-1339,서울,성동구
(주)코리아환자이송센터,특수구급차,71더7987,02-402-8129,서울,송파구
(주)코리아환자이송센터,일반구급차,71더7644,02-402-8129,서울,송파구
(주)코리아환자이송센터,특수구급차,72가3618,02-402-8129,서울,송파구
(주)코리아환자이송센터,일반구급차,78로5608,02-402-8129,서울,송파구
(주)코리아환자이송센터,특수구급차,70소8754,02-402-8129,서울,송파구
(주)코리아환자이송센터,특수구급차,74노7679,02-402-8129,서울,송파구
(주)코리아환자이송센터,특수구급차,72가3626,02-402-8129,서울,송파구
(주)코리아환자이송센터,특수구급차,72보1190,02-402-8129,서울,송파구
(주)코리아환자이송센터,특수구급차,77소7103,02-402-8129,서울,송파구
(주)코리아환자이송센터,일반구급차,70도8857,02-402-8129,서울,송파구
(주)코리아환자이송센터,일반구급차,77더3871,02-402-8129,서울,송파구
(주)코리아환자이송센터,일반구급차,73고0550,02-402-8129,서울,송파구
(주)코리아환자이송센터,일반구급차,77라5954,02-402-8129,서울,송파구
(주)코리아환자이송센터,특수구급차,73조9349,02-402-8129,서울,송파구
(주)코리아환자이송센터,특수구급차,73조9360,02-402-8129,서울,송파구
(주)코리아환자이송센터,특수구급차,72가3843,02-402-8129,서울,송파구
(주)코리아환자이송센터,특수구급차,71고9470,02-402-8129,서울,송파구
(주)코리아환자이송센터,특수구급차,71주8430,02-402-8129,서울,송파구
(주)코리아환자이송센터,특수구급차,75마5849,02-402-8129,서울,송파구
(주)코리아환자이송센터,특수구급차,72서6538,02-402-8129,서울,송파구
(주)코리아환자이송센터,특수구급차,73조9350,02-402-8129,서울,송파구
(주)코리아환자이송센터,특수구급차,72가3742,02-402-8129,서울,송파구
(주)코리아환자이송센터,일반구급차,76노0624,02-402-8129,서울,송파구
(주)코리아환자이송센터,특수구급차,72우1931,02-402-8129,서울,송파구
(주)코리아환자이송센터,특수구급차,72가3726,02-402-8129,서울,송파구
(주)코리아환자이송센터,특수구급차,78구3876,02-402-8129,서울,송파구
(주)코리아환자이송센터,일반구급차,78구3807,02-402-8129,서울,송파구
(주)코리아환자이송센터,특수구급차,72다1104,02-402-8129,서울,송파구
(주)코리아환자이송센터,특수구급차,78구3977,02-402-8129,서울,송파구
㈜중앙응급환자이송단,일반구급차,70두5027,02-413-5129,서울,송파구
㈜중앙응급환자이송단,특수구급차,72보1326,02-413-5129,서울,송파구
㈜중앙응급환자이송단,일반구급차,78노7114,02-413-5129,서울,송파구
㈜중앙응급환자이송단,일반구급차,70두5374,02-413-5129,서울,송파구
㈜중앙응급환자이송단,일반구급차,73구7851,02-413-5129,서울,송파구
㈜중앙응급환자이송단,특수구급차,70로9260,02-413-5129,서울,송파구
㈜중앙응급환자이송단,일반구급차,75보4947,02-413-5129,서울,송파구
㈜중앙응급환자이송단,일반구급차,76라7148,02-413-5129,서울,송파구
㈜중앙응급환자이송단,특수구급차,70누5255,02-413-5129,서울,송파구
㈜중앙응급환자이송단,특수구급차,70소8926,02-413-5129,서울,송파구
㈜중앙응급환자이송단,일반구급차,70거4161,02-413-5129,서울,송파구
㈜중앙응급환자이송단,일반구급차,70라4202,02-413-5129,서울,송파구
㈜중앙응급환자이송단,특수구급차,70누3766,02-413-5129,서울,송파구
㈜중앙응급환자이송단,일반구급차,70거2669,02-413-5129,서울,송파구
㈜중앙응급환자이송단,특수구급차,78저4991,02-413-5129,서울,송파구
㈜중앙응급환자이송단,특수구급차,72버5620,02-413-5129,서울,송파구
㈜중앙응급환자이송단,특수구급차,72나7688,02-413-5129,서울,송파구
㈜중앙응급환자이송단,일반구급차,78누8144,02-413-5129,서울,송파구
㈜중앙응급환자이송단,특수구급차,70거5095,02-413-5129,서울,송파구
㈜중앙응급환자이송단,일반구급차,70거5382,02-413-5129,서울,송파구
㈜중앙응급환자이송단,일반구급차,70더3254,02-413-5129,서울,송파구
㈜중앙응급환자이송단,일반구급차,70다2175,02-413-5129,서울,송파구
㈜중앙응급환자이송단,특수구급차,70도5403,02-413-5129,서울,송파구
㈜중앙응급환자이송단,일반구급차,78어7337,02-413-5129,서울,송파구
㈜중앙응급환자이송단,특수구급차,72가3736,02-413-5129,서울,송파구
㈜중앙응급환자이송단,특수구급차,73조9304,02-413-5129,서울,송파구
㈜중앙응급환자이송단,특수구급차,77라7822,02-413-5129,서울,송파구
(주)성심환자이송단,특수구급차,74러9007,02-2691-1339,서울,양천구
(주)성심환자이송단,일반구급차,71더7721,02-2691-1339,서울,양천구
(주)성심환자이송단,특수구급차,71더7622,02-2691-1339,서울,양천구
(주)성심환자이송단,일반구급차,71머1409,02-2691-1339,서울,양천구
(주)성심환자이송단,일반구급차,74마7616,02-2691-1339,서울,양천구
(주)성심환자이송단,특수구급차,70우6568,02-2691-1339,서울,양천구
(주)성심환자이송단,일반구급차,72가3880,02-2691-1339,서울,양천구
(주)성심환자이송단,일반구급차,73수5823,02-2691-1339,서울,양천구
(주)성심환자이송단,일반구급차,70두5947,02-2691-1339,서울,양천구
(주)성심환자이송단,특수구급차,75부9976,02-2691-1339,서울,양천구
(주)성심환자이송단,일반구급차,77오4593,02-2691-1339,서울,양천구
(주)성심환자이송단,일반구급차,73수5597,02-2691-1339,서울,양천구
(주)성심환자이송단,일반구급차,70두5842,02-2691-1339,서울,양천구
(주)성심환자이송단,특수구급차,72라6666,02-2691-1339,서울,양천구
(주)천사구급센타,특수구급차,73나7766,02-1666-8819,서울,양천구
(주)천사구급센타,특수구급차,98나4019,02-1666-8819,서울,양천구
(주)천사구급센타,특수구급차,79노7886,02-1666-8819,서울,양천구
(주)천사구급센타,특수구급차,71로8484,02-1666-8819,서울,양천구
(주)천사구급센타,특수구급차,71로8483,02-1666-8819,서울,양천구
㈜전국응급환자이송단,일반구급차,73소9158,02-2606-3114,서울,양천구
㈜전국응급환자이송단,일반구급차,73나7809,02-2606-3114,서울,양천구
㈜전국응급환자이송단,일반구급차,73거6042,02-2606-3114,서울,양천구
㈜전국응급환자이송단,특수구급차,70우5235,02-2606-3114,서울,양천구
㈜전국응급환자이송단,특수구급차,74소6473,02-2606-3114,서울,양천구
㈜전국응급환자이송단,특수구급차,71나9779,02-2606-3114,서울,양천구
㈜전국응급환자이송단,특수구급차,70두5441,02-2606-3114,서울,양천구
㈜전국응급환자이송단,특수구급차,72라6750,02-2606-3114,서울,양천구
(주)클로버이엠에스,일반구급차,77라7733,02-6405-0129,서울,영등포구
(주)클로버이엠에스,특수구급차,79두6663,02-6405-0129,서울,영등포구
(주)클로버이엠에스,특수구급차,71주6404,02-6405-0129,서울,영등포구
(주)클로버이엠에스,특수구급차,73너9818,02-6405-0129,서울,영등포구
(주)클로버이엠에스,특수구급차,73너9918,02-6405-0129,서울,영등포구
(주)클로버이엠에스,특수구급차,73너9913,02-6405-0129,서울,영등포구
주식회사대한911구조대,특수구급차,70라8062,02-832-0911,서울,영등포구
주식회사대한911구조대,일반구급차,77너9706,02-832-0911,서울,영등포구
주식회사대한911구조대,특수구급차,75라3855,02-832-0911,서울,영등포구
주식회사대한911구조대,일반구급차,78구3860,02-832-0911,서울,영등포구
주식회사대한911구조대,특수구급차,71나9786,02-832-0911,서울,영등포구
주식회사대한911구조대,특수구급차,71누9421,02-832-0911,서울,영등포구
주식회사대한911구조대,특수구급차,70루8986,02-832-0911,서울,영등포구
주식회사대한911구조대,특수구급차,71도5728,02-832-0911,서울,영등포구
주식회사대한911구조대,일반구급차,71누9401,02-832-0911,서울,영등포구
주식회사대한911구조대,특수구급차,78구3685,02-832-0911,서울,영등포구
㈜한국응급구조대,특수구급차,78머7658,02-948-9494,서울,중랑구
㈜한국응급구조대,특수구급차,73러3438,02-948-9494,서울,중랑구
㈜한국응급구조대,특수구급차,70루7997,02-948-9494,서울,중랑구
㈜한국응급구조대,일반구급차,70소8631,02-948-9494,서울,중랑구
㈜한국응급구조대,일반구급차,79두1986,02-948-9494,서울,중랑구
㈜한국응급구조대,특수구급차,78나5281,02-948-9494,서울,중랑구
㈜한국응급구조대,특수구급차,79모1324,02-948-9494,서울,중랑구
㈜한국응급구조대,특수구급차,70루7858,02-948-9494,서울,중랑구
㈜한국응급구조대,특수구급차,74너9952,02-948-9494,서울,중랑구
㈜한국응급구조대,일반구급차,71두7347,02-948-9494,서울,중랑구
㈜한국응급구조대,특수구급차,78구3871,02-948-9494,서울,중랑구
㈜한국응급구조대,특수구급차,75루9317,02-948-9494,서울,중랑구
㈜한국응급구조대,일반구급차,71두3156,02-948-9494,서울,중랑구
(주)사마리안129구급대,특수구급차,75저7608,051-804-0129,부산,남구
(주)사마리안129구급대,특수구급차,77오4517,051-804-0129,부산,남구
(주)사마리안129구급대,특수구급차,79너3048,051-804-0129,부산,남구
(주)사마리안129구급대,특수구급차,75보9817,051-804-0129,부산,남구
(주)사마리안129구급대,특수구급차,79너1785,051-804-0129,부산,남구
(주)사마리안129구급대,특수구급차,71더5622,051-804-0129,부산,남구
(주)사마리안129구급대,특수구급차,79노9410,051-804-0129,부산,남구
(주)사마리안129구급대,특수구급차,74고0685,051-804-0129,부산,남구
(주)사마리안129구급대,특수구급차,76어0238,051-804-0129,부산,남구
(주)사마리안129구급대,특수구급차,72머3124,051-804-0129,부산,남구
(주)사마리안129구급대,일반구급차,74다2968,051-804-0129,부산,남구
(주)사마리안129구급대,특수구급차,71도5939,051-804-0129,부산,남구
부산응급환자이송단,특수구급차,75저7565,051-636-1199,부산,남구
부산응급환자이송단,특수구급차,78어3701,051-636-1199,부산,남구
부산응급환자이송단,특수구급차,79누9003,051-636-1199,부산,남구
부산응급환자이송단,특수구급차,70나9048,051-636-1199,부산,남구
부산응급환자이송단,특수구급차,75저7932,051-636-1199,부산,남구
주식회사비원이엠에쓰,일반구급차,74노6982,051-636-1339,부산,남구
주식회사비원이엠에쓰,특수구급차,73주5342,051-636-1339,부산,남구
주식회사비원이엠에쓰,특수구급차,78저3626,051-636-1339,부산,남구
주식회사비원이엠에쓰,특수구급차,74노1872,051-636-1339,부산,남구
주식회사비원이엠에쓰,특수구급차,78어3619,051-636-1339,부산,남구
주식회사비원이엠에쓰,특수구급차,79도2443,051-636-1339,부산,남구
주식회사비원이엠에쓰,특수구급차,74서3916,051-636-1339,부산,남구
(주)시민911구급대,특수구급차,79도2325,051-711-0911,부산,부산진구
(주)시민911구급대,특수구급차,79도2186,051-711-0911,부산,부산진구
(주)시민911구급대,특수구급차,79도2363,051-711-0911,부산,부산진구
(주)시민911구급대,특수구급차,71러2564,051-711-0911,부산,부산진구
(주)시민911구급대,특수구급차,79도2432,051-711-0911,부산,부산진구
(주)부산코스비,특수구급차,79도2174,051-553-6119,부산,서구
(주)부산코스비,특수구급차,79도2129,051-553-6119,부산,서구
(주)부산코스비,특수구급차,79누9360,051-553-6119,부산,서구
(주)부산코스비,특수구급차,74모6399,051-553-6119,부산,서구
(주)부산코스비,특수구급차,79누4234,051-553-6119,부산,서구
(주)부산코스비,일반구급차,78더8597,051-553-6119,부산,서구
(주)부산코스비,특수구급차,78고3428,051-553-6119,부산,서구
(주)부산코스비,일반구급차,78보2720,051-553-6119,부산,서구
(주)부산코스비,일반구급차,74누1198,051-553-6119,부산,서구
(주)부산코스비,특수구급차,70주6256,051-553-6119,부산,서구
(주)부산코스비,일반구급차,77오4909,051-553-6119,부산,서구
(주)부산코스비,특수구급차,72오3664,051-553-6119,부산,서구
(주)부산코스비,일반구급차,71서8729,051-553-6119,부산,서구
(주)부산코스비,특수구급차,70누0244,051-553-6119,부산,서구
(주)부산코스비,일반구급차,78무3919,051-553-6119,부산,서구
(주)부산코스비,일반구급차,71노5968,051-553-6119,부산,서구
(주)부산코스비,특수구급차,71루2982,051-553-6119,부산,서구
(주)부산코스비,특수구급차,71러3660,051-553-6119,부산,서구
(주)부산코스비,일반구급차,71노5907,051-553-6119,부산,서구
(주)중앙구일일,특수구급차,79누9446,051-246-0911,부산,서구
(주)중앙구일일,특수구급차,74모6181,051-246-0911,부산,서구
(주)중앙구일일,특수구급차,78어3601,051-246-0911,부산,서구
(주)중앙구일일,특수구급차,78어3951,051-246-0911,부산,서구
(주)중앙구일일,특수구급차,70더5128,051-246-0911,부산,서구
(주)골든타임응급환자이송센터,특수구급차,78부3760,053-426-1190,대구,남구
(주)골든타임응급환자이송센터,특수구급차,79너1905,053-426-1190,대구,남구
(주)골든타임응급환자이송센터,특수구급차,73서9721,053-426-1190,대구,남구
(주)골든타임응급환자이송센터,특수구급차,77구4284,053-426-1190,대구,남구
(주)골든타임응급환자이송센터,특수구급차,78구4661,053-426-1190,대구,남구
(주)골든타임응급환자이송센터,특수구급차,78버7550,053-426-1190,대구,남구
(주)골든타임응급환자이송센터,특수구급차,78버7548,053-426-1190,대구,남구
(주)대구브이아이피응급환자이송센터,일반구급차,74무9113,053-621-0119,대구,남구
(주)대구브이아이피응급환자이송센터,특수구급차,78어2888,053-621-0119,대구,남구
(주)대구브이아이피응급환자이송센터,특수구급차,78어2825,053-621-0119,대구,남구
(주)대구브이아이피응급환자이송센터,특수구급차,79루9221,053-621-0119,대구,남구
(주)대구브이아이피응급환자이송센터,특수구급차,79루9203,053-621-0119,대구,남구
(주)대구브이아이피응급환자이송센터,특수구급차,79루9266,053-621-0119,대구,남구
(주)대구응급환자이송센터,특수구급차,70가7619,053-624-0129,대구,남구
(주)대구응급환자이송센터,특수구급차,71도9996,053-624-0129,대구,남구
(주)대구응급환자이송센터,특수구급차,72조2824,053-624-0129,대구,남구
(주)대구응급환자이송센터,특수구급차,78구3712,053-624-0129,대구,남구
(주)대구응급환자이송센터,특수구급차,72우2029,053-624-0129,대구,남구
(주)대구응급환자이송센터,특수구급차,76무9490,053-624-0129,대구,남구
(주)대구응급환자이송센터,특수구급차,71나9703,053-624-0129,대구,남구
(주)대구911응급환자이송센터,특수구급차,72보1414,053-283-0911,대구,달서구
(주)대구911응급환자이송센터,특수구급차,75주4065,053-283-0911,대구,달서구
(주)대구911응급환자이송센터,특수구급차,73무4642,053-283-0911,대구,달서구
(주)대구911응급환자이송센터,특수구급차,75마8004,053-283-0911,대구,달서구
(주)대구911응급환자이송센터,특수구급차,73버2589,053-283-0911,대구,달서구
(주)대구EMS,특수구급차,71노4859,053-627-9999,대구,달서구
(주)대구EMS,특수구급차,73머5934,053-627-9999,대구,달서구
(주)대구EMS,특수구급차,71노4745,053-627-9999,대구,달서구
(주)대구EMS,특수구급차,76무9328,053-627-9999,대구,달서구
(주)대구EMS,특수구급차,77구4244,053-627-9999,대구,달서구
(주)대구EMS,특수구급차,72노0909,053-627-9999,대구,달서구
(주)메디칼응급환자이송단,특수구급차,74노6093,053-423-0119,대구,중구
(주)메디칼응급환자이송단,특수구급차,71보2999,053-423-0119,대구,중구
(주)메디칼응급환자이송단,특수구급차,79너1903,053-423-0119,대구,중구
(주)메디칼응급환자이송단,특수구급차,73가0738,053-423-0119,대구,중구
(주)메디칼응급환자이송단,특수구급차,78구3938,053-423-0119,대구,중구
(주)129응급환자이송단,특수구급차,73누8298,032-464-9111,인천,남동구
(주)129응급환자이송단,특수구급차,73누8297,032-464-9111,인천,남동구
(주)129응급환자이송단,특수구급차,73누8535,032-464-9111,인천,남동구
(주)129응급환자이송단,특수구급차,73누7694,032-464-9111,인천,남동구
(주)129응급환자이송단,특수구급차,73누7681,032-464-9111,인천,남동구
(주)129응급환자이송단,특수구급차,73누7981,032-464-9111,인천,남동구
(주)129응급환자이송단,특수구급차,73누8296,032-464-9111,인천,남동구
(주)129응급환자이송단,특수구급차,73누5499,032-464-9111,인천,남동구
(주)129응급환자이송단,특수구급차,76무7783,032-464-9111,인천,남동구
(주)129응급환자이송단,특수구급차,76무7713,032-464-9111,인천,남동구
(주)129응급환자이송단,특수구급차,76무7752,032-464-9111,인천,남동구
인천911주식회사,특수구급차,75부9991,032-777-3119,인천,동구
인천911주식회사,특수구급차,79오6056,032-777-3119,인천,동구
인천911주식회사,특수구급차,79오6040,032-777-3119,인천,동구
인천911주식회사,특수구급차,72가3845,032-777-3119,인천,동구
인천911주식회사,특수구급차,72가3842,032-777-3119,인천,동구
인천911주식회사,특수구급차,72가3844,032-777-3119,인천,동구
인천911주식회사,일반구급차,70호8761,032-777-3119,인천,동구
인천911주식회사,일반구급차,70로8761,032-777-3119,인천,동구
인천911주식회사,특수구급차,70머5421,032-777-3119,인천,동구
(주)월드119구급대,특수구급차,78어7424,032-522-1190,인천,부평구
(주)월드119구급대,특수구급차,78어7984,032-522-1190,인천,부평구
(주)월드119구급대,특수구급차,74누2448,032-522-1190,인천,부평구
(주)월드119구급대,특수구급차,79너9482,032-522-1190,인천,부평구
(주)월드119구급대,특수구급차,72러4681,032-522-1190,인천,부평구
(주)월드119구급대,특수구급차,70부5372,032-522-1190,인천,부평구
(주)911응급환자이송단,특수구급차,75누7270,032-584-7500,인천,서구
(주)911응급환자이송단,특수구급차,75누7273,032-584-7500,인천,서구
(주)911응급환자이송단,특수구급차,75누7233,032-584-7500,인천,서구
(주)911응급환자이송단,특수구급차,75누7297,032-584-7500,인천,서구
(주)911응급환자이송단,특수구급차,75누7278,032-584-7500,인천,서구
(유)프로응급환자이송센터,특수구급차,72보1211,062-681-1190,광주,남구
(유)프로응급환자이송센터,특수구급차,71거3030,062-681-1190,광주,남구
(유)프로응급환자이송센터,특수구급차,75무2016,062-681-1190,광주,남구
(유)프로응급환자이송센터,특수구급차,75무2015,062-681-1190,광주,남구
(유)프로응급환자이송센터,특수구급차,75무2014,062-681-1190,광주,남구
광주응급환자이송단,특수구급차,79너1691,062-223-5129,광주,동구
광주응급환자이송단,특수구급차,72보1373,062-223-5129,광주,동구
광주응급환자이송단,특수구급차,76무9155,062-223-5129,광주,동구
광주응급환자이송단,특수구급차,77오4573,062-223-5129,광주,동구
광주응급환자이송단,특수구급차,70로8837,062-223-5129,광주,동구
메디칼이송단,특수구급차,79조6225,062-234-9575,광주,동구
메디칼이송단,특수구급차,75거2256,062-234-9575,광주,동구
메디칼이송단,특수구급차,71노9455,062-234-9575,광주,동구
메디칼이송단,특수구급차,71도2592,062-234-9575,광주,동구
메디칼이송단,특수구급차,71도2663,062-234-9575,광주,동구
팀코리아이엠에스(주),특수구급차,73거7884,062-223-9110,광주,동구
팀코리아이엠에스(주),특수구급차,73거7882,062-223-9110,광주,동구
팀코리아이엠에스(주),특수구급차,73거7883,062-223-9110,광주,동구
팀코리아이엠에스(주),특수구급차,73거7885,062-223-9110,광주,동구
팀코리아이엠에스(주),특수구급차,73거7881,062-223-9110,광주,동구
(유)한국에스오에스구급센터,특수구급차,79조6346,062-367-7777,광주,서구
(유)한국에스오에스구급센터,특수구급차,79조6345,062-367-7777,광주,서구
(유)한국에스오에스구급센터,특수구급차,79조6449,062-367-7777,광주,서구
(유)한국에스오에스구급센터,특수구급차,79조6244,062-367-7777,광주,서구
(유)한국에스오에스구급센터,특수구급차,75무7689,062-367-7777,광주,서구
(주)129환자이송단,특수구급차,73거8851,042-221-0129,대전,중구
(주)129환자이송단,특수구급차,78부3215,042-221-0129,대전,중구
(주)129환자이송단,특수구급차,72나2024,042-221-0129,대전,중구
(주)129환자이송단,특수구급차,75다9192,042-221-0129,대전,중구
(주)129환자이송단,특수구급차,72보9620,042-221-0129,대전,중구
(주)129환자이송단,특수구급차,71너9921,042-221-0129,대전,중구
(주)129환자이송단,특수구급차,71라0329,042-221-0129,대전,중구
(주)현대응급이송센타,특수구급차,75누5552,052-261-4911,울산,남구
(주)현대응급이송센타,특수구급차,77오4927,052-261-4911,울산,남구
(주)현대응급이송센타,특수구급차,77오4779,052-261-4911,울산,남구
(주)현대응급이송센타,일반구급차,76어8069,052-261-4911,울산,남구
(주)현대응급이송센타,특수구급차,71주8080,052-261-4911,울산,남구
(주)현대응급이송센타,특수구급차,76모5644,052-261-4911,울산,남구
(주)현대응급이송센타,일반구급차,76누5602,052-261-4911,울산,남구
(주)현대응급이송센타,특수구급차,77너0581,052-261-4911,울산,남구
(주)현대응급이송센타,일반구급차,74서2429,052-261-4911,울산,남구
(주)울산응급환자이송단,특수구급차,75주2851,052-252-0000,울산,중구
(주)울산응급환자이송단,일반구급차,74우7791,052-252-0000,울산,중구
(주)울산응급환자이송단,특수구급차,76누5688,052-252-0000,울산,중구
(주)울산응급환자이송단,특수구급차,73다9021,052-252-0000,울산,중구
(주)울산응급환자이송단,특수구급차,71주8259,052-252-0000,울산,중구
(주)울산응급환자이송단,특수구급차,75무1270,052-252-0000,울산,중구
(주)중앙응급환자이송단,일반구급차,79두2504,052-293-1339,울산,중구
(주)중앙응급환자이송단,특수구급차,75주4036,052-293-1339,울산,중구
(주)중앙응급환자이송단,일반구급차,78서1742,052-293-1339,울산,중구
(주)중앙응급환자이송단,특수구급차,70두7541,052-293-1339,울산,중구
(주)중앙응급환자이송단,특수구급차,78러6368,052-293-1339,울산,중구
(주)중앙응급환자이송단,특수구급차,76무9079,052-293-1339,울산,중구
(주)중앙응급환자이송단,특수구급차,77오4751,052-293-1339,울산,중구
(유)충남129환자이송센터,특수구급차,71도8151,044-866-0129,세종,세종시
(유)충남129환자이송센터,특수구급차,77더3764,044-866-0129,세종,세종시
(유)충남129환자이송센터,특수구급차,76루4763,044-866-0129,세종,세종시
(유)충남129환자이송센터,특수구급차,76루4772,044-866-0129,세종,세종시
(유)충남129환자이송센터,특수구급차,74서2428,044-866-0129,세종,세종시
(주)비사벌메디칼,특수구급차,71더7740,031-978-9119,경기,고양시 덕양구
(주)비사벌메디칼,특수구급차,72보1254,031-978-9119,경기,고양시 덕양구
(주)비사벌메디칼,특수구급차,78나5229,031-978-9119,경기,고양시 덕양구
(주)비사벌메디칼,특수구급차,78구3732,031-978-9119,경기,고양시 덕양구
(주)비사벌메디칼,특수구급차,76무9206,031-978-9119,경기,고양시 덕양구
(주)비사벌메디칼,특수구급차,72가3712,031-978-9119,경기,고양시 덕양구
(주)비사벌메디칼,일반구급차,71마3579,031-978-9119,경기,고양시 덕양구
(주)비사벌메디칼,특수구급차,71거2888,031-978-9119,경기,고양시 덕양구
(주)비사벌메디칼,특수구급차,78구3833,031-978-9119,경기,고양시 덕양구
(주)비사벌메디칼,특수구급차,72서6609,031-978-9119,경기,고양시 덕양구
(주)비사벌메디칼,특수구급차,76모7369,031-978-9119,경기,고양시 덕양구
(주)비사벌메디칼,특수구급차,71누9318,031-978-9119,경기,고양시 덕양구
(주)비사벌메디칼,특수구급차,79소3006,031-978-9119,경기,고양시 덕양구
(주)비사벌메디칼,특수구급차,78구3816,031-978-9119,경기,고양시 덕양구
(주)비사벌메디칼,특수구급차,74주9079,031-978-9119,경기,고양시 덕양구
(주)비사벌메디칼,특수구급차,73고0584,031-978-9119,경기,고양시 덕양구
(주)비사벌메디칼,일반구급차,74주9032,031-978-9119,경기,고양시 덕양구
(주)우리구급센터,특수구급차,72가3536,031-922-2229,경기,고양시 덕양구
(주)우리구급센터,특수구급차,72가3551,031-922-2229,경기,고양시 덕양구
(주)우리구급센터,일반구급차,77도9324,031-922-2229,경기,고양시 덕양구
(주)우리구급센터,일반구급차,72나5506,031-922-2229,경기,고양시 덕양구
(주)우리구급센터,특수구급차,71더7524,031-922-2229,경기,고양시 덕양구
(주)우리구급센터,특수구급차,71마9112,031-922-2229,경기,고양시 덕양구
(주)우리구급센터,일반구급차,71러5444,031-922-2229,경기,고양시 덕양구
(주)우리구급센터,일반구급차,77라5674,031-922-2229,경기,고양시 덕양구
(주)우리구급센터,특수구급차,73조9279,031-922-2229,경기,고양시 덕양구
(주)우리구급센터,일반구급차,72가3649,031-922-2229,경기,고양시 덕양구
(주)우리구급센터,일반구급차,73조9426,031-922-2229,경기,고양시 덕양구
(주)우리구급센터,특수구급차,73조9478,031-922-2229,경기,고양시 덕양구
(주)우리구급센터,특수구급차,78구3625,031-922-2229,경기,고양시 덕양구
(주)우리구급센터,특수구급차,73조9398,031-922-2229,경기,고양시 덕양구
(주)우리구급센터,특수구급차,72가3752,031-922-2229,경기,고양시 덕양구
(주)우리구급센터,특수구급차,72러4649,031-922-2229,경기,고양시 덕양구
(주)우리구급센터,특수구급차,73조9257,031-922-2229,경기,고양시 덕양구
(주)우리구급센터,일반구급차,72가3866,031-922-2229,경기,고양시 덕양구
(주)우리구급센터,일반구급차,76보3408,031-922-2229,경기,고양시 덕양구
(주)우리구급센터,특수구급차,76모7334,031-922-2229,경기,고양시 덕양구
(주)우리구급센터,특수구급차,74주9031,031-922-2229,경기,고양시 덕양구
(주)우리구급센터,일반구급차,74주9063,031-922-2229,경기,고양시 덕양구
(주)이피티,특수구급차,79보6869,031-975-1339,경기,고양시 일산동구
(주)이피티,특수구급차,73고2247,031-975-1339,경기,고양시 일산동구
(주)이피티,특수구급차,78구3931,031-975-1339,경기,고양시 일산동구
(주)이피티,특수구급차,78구3913,031-975-1339,경기,고양시 일산동구
(주)이피티,특수구급차,78구3922,031-975-1339,경기,고양시 일산동구
(주)일산구급센터,특수구급차,71거7618,1855-1399,경기,고양시 일산동구
(주)일산구급센터,특수구급차,76모7342,1855-1399,경기,고양시 일산동구
(주)일산구급센터,특수구급차,73고0535,1855-1399,경기,고양시 일산동구
(주)일산구급센터,특수구급차,76모7343,1855-1399,경기,고양시 일산동구
(주)일산구급센터,특수구급차,76모7344,1855-1399,경기,고양시 일산동구
(주)일산구급센터,일반구급차,75두7481,1855-1399,경기,고양시 일산동구
(주)일산구급센터,일반구급차,78구3961,1855-1399,경기,고양시 일산동구
(주)일산구급센터,일반구급차,79오4355,1855-1399,경기,고양시 일산동구
(주)일산구급센터,일반구급차,78구3970,1855-1399,경기,고양시 일산동구
(주)건국환자이송센터,일반구급차,73어9910,031-444-4129,경기,군포시
(주)건국환자이송센터,특수구급차,71소7148,031-444-4129,경기,군포시
(주)건국환자이송센터,특수구급차,73다5917,031-444-4129,경기,군포시
(주)건국환자이송센터,특수구급차,77두9942,031-444-4129,경기,군포시
(주)건국환자이송센터,특수구급차,74다6233,031-444-4129,경기,군포시
(주)건국환자이송센터,특수구급차,73거8577,031-444-4129,경기,군포시
프로응급환자이송센터(주),특수구급차,79더7861,031-559-0129,경기,남양주시
프로응급환자이송센터(주),특수구급차,78구3765,031-559-0129,경기,남양주시
프로응급환자이송센터(주),특수구급차,78구3888,031-559-0129,경기,남양주시
프로응급환자이송센터(주),특수구급차,78구3809,031-559-0129,경기,남양주시
프로응급환자이송센터(주),특수구급차,71도5982,031-559-0129,경기,남양주시
(주)EMS 보람,특수구급차,74너6165,031-866-4119,경기,동두천시
(주)EMS 보람,특수구급차,77고8908,031-866-4119,경기,동두천시
(주)EMS 보람,특수구급차,74너6129,031-866-4119,경기,동두천시
(주)EMS 보람,특수구급차,71더1984,031-866-4119,경기,동두천시
(주)EMS 보람,특수구급차,71더1961,031-866-4119,경기,동두천시
경기구급센터,특수구급차,77서7392,032-664-5129,경기,부천시
경기구급센터,특수구급차,78마1063,032-664-5129,경기,부천시
경기구급센터,일반구급차,79가7224,032-664-5129,경기,부천시
경기구급센터,일반구급차,77더3854,032-664-5129,경기,부천시
경기구급센터,특수구급차,73마7658,032-664-5129,경기,부천시
경기구급센터,특수구급차,75보4552,032-664-5129,경기,부천시
경기구급센터,특수구급차,77두6418,032-664-5129,경기,부천시
경기구급센터,특수구급차,71도5829,032-664-5129,경기,부천시
경기구급센터,특수구급차,72더7450,032-664-5129,경기,부천시
경기구급센터,특수구급차,72가3864,032-664-5129,경기,부천시
경기구급센터,특수구급차,71가4878,032-664-5129,경기,부천시
경기구급센터,일반구급차,73버0246,032-664-5129,경기,부천시
경기구급센터,특수구급차,74가0677,032-664-5129,경기,부천시
주식회사에스오에스,일반구급차,75더4561,1566-0129,경기,성남시 분당구
주식회사에스오에스,특수구급차,71누9251,1566-0129,경기,성남시 분당구
주식회사에스오에스,특수구급차,79너1707,1566-0129,경기,성남시 분당구
주식회사에스오에스,특수구급차,71저6991,1566-0129,경기,성남시 분당구
주식회사에스오에스,특수구급차,72로3425,1566-0129,경기,성남시 분당구
주식회사에스오에스,특수구급차,71보1168,1566-0129,경기,성남시 분당구
주식회사에스오에스,특수구급차,75보5551,1566-0129,경기,성남시 분당구
주식회사에스오에스,특수구급차,71조4124,1566-0129,경기,성남시 분당구
주식회사에스오에스,특수구급차,72로3112,1566-0129,경기,성남시 분당구
주식회사 이엠에스프로,특수구급차,70두7905,031-757-1475,경기,성남시 중원구
주식회사 이엠에스프로,특수구급차,71더2654,031-757-1475,경기,성남시 중원구
주식회사 이엠에스프로,특수구급차,70두7907,031-757-1475,경기,성남시 중원구
주식회사 이엠에스프로,특수구급차,70두7901,031-757-1475,경기,성남시 중원구
주식회사 이엠에스프로,특수구급차,70두7908,031-757-1475,경기,성남시 중원구
주식회사 이엠에스프로,특수구급차,70두7903,031-757-1475,경기,성남시 중원구
㈜하나이엠에스,특수구급차,71나5939,031-267-1339,경기,수원시 영통구
㈜하나이엠에스,특수구급차,71더7720,031-267-1339,경기,수원시 영통구
㈜하나이엠에스,특수구급차,71더7596,031-267-1339,경기,수원시 영통구
㈜하나이엠에스,특수구급차,71누9382,031-267-1339,경기,수원시 영통구
㈜하나이엠에스,특수구급차,73어8444,031-267-1339,경기,수원시 영통구
㈜하나이엠에스,특수구급차,71누9344,031-267-1339,경기,수원시 영통구
㈜하나이엠에스,특수구급차,78거1717,031-267-1339,경기,수원시 영통구
㈜하나이엠에스,특수구급차,76노0775,031-267-1339,경기,수원시 영통구
(주)경기이엠에스,일반구급차,70두7945,031-244-1339,경기,수원시 팔달구
(주)경기이엠에스,특수구급차,70두7695,031-244-1339,경기,수원시 팔달구
(주)경기이엠에스,일반구급차,75누5841,031-244-1339,경기,수원시 팔달구
(주)경기이엠에스,특수구급차,77더3867,031-244-1339,경기,수원시 팔달구
(주)경기이엠에스,특수구급차,77서9530,031-244-1339,경기,수원시 팔달구
(주)경기이엠에스,특수구급차,74서2201,031-244-1339,경기,수원시 팔달구
(주)경기이엠에스,일반구급차,78구3670,031-244-1339,경기,수원시 팔달구
(주)경기이엠에스,특수구급차,76무9329,031-244-1339,경기,수원시 팔달구
(주)경기이엠에스,특수구급차,77서7424,031-244-1339,경기,수원시 팔달구
(주)경기이엠에스,일반구급차,74서2481,031-244-1339,경기,수원시 팔달구
(주)경기이엠에스,특수구급차,71두0139,031-244-1339,경기,수원시 팔달구
(주)경기이엠에스,일반구급차,78거1722,031-244-1339,경기,수원시 팔달구
(주)경기이엠에스,일반구급차,71마3800,031-244-1339,경기,수원시 팔달구
네오에쓰앤씨(주),특수구급차,70소8910,1566-5129,경기,시흥시
네오에쓰앤씨(주),특수구급차,76다9912,1566-5129,경기,시흥시
네오에쓰앤씨(주),일반구급차,70버6995,1566-5129,경기,시흥시
네오에쓰앤씨(주),특수구급차,76나1914,1566-5129,경기,시흥시
네오에쓰앤씨(주),특수구급차,76나1734,1566-5129,경기,시흥시
네오에쓰앤씨(주),특수구급차,70버6942,1566-5129,경기,시흥시
네오에쓰앤씨(주),특수구급차,78누4689,1566-5129,경기,시흥시
네오에쓰앤씨(주),특수구급차,76나1940,1566-5129,경기,시흥시
네오에쓰앤씨(주),특수구급차,76나1433,1566-5129,경기,시흥시
(주)이엠에스탑,특수구급차,72가3691,031-438-0119,경기,안산시 상록구
(주)이엠에스탑,특수구급차,76무9327,031-438-0119,경기,안산시 상록구
(주)이엠에스탑,특수구급차,76보7575,031-438-0119,경기,안산시 상록구
(주)이엠에스탑,특수구급차,76보7750,031-438-0119,경기,안산시 상록구
(주)이엠에스탑,특수구급차,76보7799,031-438-0119,경기,안산시 상록구
(주)이엠에스탑,특수구급차,76보7755,031-438-0119,경기,안산시 상록구
(주)중앙129,특수구급차,71더7905,1522-1129,경기,안산시 상록구
(주)중앙129,특수구급차,70두7675,1522-1129,경기,안산시 상록구
(주)중앙129,특수구급차,75누5647,1522-1129,경기,안산시 상록구
(주)중앙129,일반구급차,70로8780,1522-1129,경기,안산시 상록구
(주)중앙129,특수구급차,76무9482,1522-1129,경기,안산시 상록구
(주)중앙129,특수구급차,71고4809,1522-1129,경기,안산시 상록구
(주)중앙129,특수구급차,76무9282,1522-1129,경기,안산시 상록구
(주)중앙129,특수구급차,70로8995,1522-1129,경기,안산시 상록구
(주)중앙129,특수구급차,70로8849,1522-1129,경기,안산시 상록구
(주)중앙129,특수구급차,76보7701,1522-1129,경기,안산시 상록구
(주)케이비이구급센터,특수구급차,79너1609,031-886-1339,경기,여주시
(주)케이비이구급센터,일반구급차,70가8330,031-886-1339,경기,여주시
(주)케이비이구급센터,특수구급차,79너1547,031-886-1339,경기,여주시
(주)케이비이구급센터,일반구급차,71저6972,031-886-1339,경기,여주시
(주)케이비이구급센터,일반구급차,74로9972,031-886-1339,경기,여주시
(주)케이비이구급센터,특수구급차,79너1665,031-886-1339,경기,여주시
(주)케이비이구급센터,특수구급차,75주4090,031-886-1339,경기,여주시
(주)케이비이구급센터,특수구급차,75주4029,031-886-1339,경기,여주시
(주)케이비이구급센터,특수구급차,74서4673,031-886-1339,경기,여주시
(주)돌핀응급환자이송단,특수구급차,74도9985,1566-3605,경기,용인시 기흥구
(주)돌핀응급환자이송단,특수구급차,72주2976,1566-3605,경기,용인시 기흥구
(주)돌핀응급환자이송단,특수구급차,79너1605,1566-3605,경기,용인시 기흥구
(주)돌핀응급환자이송단,특수구급차,71누9231,1566-3605,경기,용인시 기흥구
(주)돌핀응급환자이송단,특수구급차,72오8986,1566-3605,경기,용인시 기흥구
(주)돌핀응급환자이송단,일반구급차,71서1477,1566-3605,경기,용인시 기흥구
(주)돌핀응급환자이송단,특수구급차,76수0528,1566-3605,경기,용인시 기흥구
(주)돌핀응급환자이송단,특수구급차,72오8944,1566-3605,경기,용인시 기흥구
(주)돌핀응급환자이송단,특수구급차,72오8969,1566-3605,경기,용인시 기흥구
(주)돌핀응급환자이송단,특수구급차,74루3998,1566-3605,경기,용인시 기흥구
(주)돌핀응급환자이송단,특수구급차,79구9495,1566-3605,경기,용인시 기흥구
(주)돌핀응급환자이송단,특수구급차,73러9449,1566-3605,경기,용인시 기흥구
주식회사365구급대,특수구급차,72러3520,031-286-0365,경기,용인시 기흥구
주식회사365구급대,특수구급차,72러3510,031-286-0365,경기,용인시 기흥구
주식회사365구급대,특수구급차,72러3530,031-286-0365,경기,용인시 기흥구
주식회사365구급대,특수구급차,72러3570,031-286-0365,경기,용인시 기흥구
주식회사365구급대,특수구급차,72러3529,031-286-0365,경기,용인시 기흥구
(주)129한국이엠에스,특수구급차,73어8447,031-338-1339,경기,용인시 처인구
(주)129한국이엠에스,특수구급차,76무9386,031-338-1339,경기,용인시 처인구
(주)129한국이엠에스,특수구급차,72러3501,031-338-1339,경기,용인시 처인구
(주)129한국이엠에스,특수구급차,73어8432,031-338-1339,경기,용인시 처인구
(주)129한국이엠에스,일반구급차,75로3922,031-338-1339,경기,용인시 처인구
(주)129한국이엠에스,특수구급차,79조4899,031-338-1339,경기,용인시 처인구
(주)129한국이엠에스,특수구급차,71조7989,031-338-1339,경기,용인시 처인구
(주)129한국이엠에스,특수구급차,70더8366,031-338-1339,경기,용인시 처인구
㈜구일일인명구급대,특수구급차,70두7855,031-682-1339,경기,평택시
㈜구일일인명구급대,일반구급차,72보1256,031-682-1339,경기,평택시
㈜구일일인명구급대,특수구급차,71더7712,031-682-1339,경기,평택시
㈜구일일인명구급대,일반구급차,79너1648,031-682-1339,경기,평택시
㈜구일일인명구급대,특수구급차,70두7783,031-682-1339,경기,평택시
㈜구일일인명구급대,특수구급차,70두7758,031-682-1339,경기,평택시
㈜구일일인명구급대,특수구급차,70두7708,031-682-1339,경기,평택시
㈜구일일인명구급대,특수구급차,73주8165,031-682-1339,경기,평택시
㈜구일일인명구급대,일반구급차,75누5547,031-682-1339,경기,평택시
㈜구일일인명구급대,특수구급차,71누9426,031-682-1339,경기,평택시
㈜구일일인명구급대,특수구급차,75마2126,031-682-1339,경기,평택시
㈜구일일인명구급대,특수구급차,73조9211,031-682-1339,경기,평택시
㈜구일일인명구급대,특수구급차,76무9395,031-682-1339,경기,평택시
㈜구일일인명구급대,특수구급차,75누4819,031-682-1339,경기,평택시
(주)129구급대,일반구급차,71거7701,031-531-0129,경기,포천시
(주)129구급대,특수구급차,71노9005,031-531-0129,경기,포천시
(주)129구급대,일반구급차,79러7466,031-531-0129,경기,포천시
(주)129구급대,특수구급차,70조8996,031-531-0129,경기,포천시
(주)129구급대,일반구급차,75두8030,031-531-0129,경기,포천시
(주)129구급대,일반구급차,79보2939,031-531-0129,경기,포천시
(주)129구급대,특수구급차,72라7406,031-531-0129,경기,포천시
(주)129구급대,특수구급차,76누2068,031-531-0129,경기,포천시
(주)129구급대,일반구급차,77로9904,031-531-0129,경기,포천시
(주)129구급대,특수구급차,73우0949,031-531-0129,경기,포천시
(주)129구급대,일반구급차,76무9047,031-531-0129,경기,포천시
(주)129구급대,특수구급차,72버9028,031-531-0129,경기,포천시
(주)129구급대,특수구급차,78구3948,031-531-0129,경기,포천시
(주)AMS코리아,특수구급차,77고8888,1644-3912,경기,포천시
(주)AMS코리아,특수구급차,77고8983,1644-3912,경기,포천시
(주)AMS코리아,특수구급차,77고8668,1644-3912,경기,포천시
(주)AMS코리아,특수구급차,71누9461,1644-3912,경기,포천시
(주)AMS코리아,특수구급차,74너6401,1644-3912,경기,포천시
(주)한국1339,특수구급차,75누5971,033-735-5119,강원,원주시
(주)한국1339,특수구급차,79두5385,033-735-5119,강원,원주시
(주)한국1339,일반구급차,79러1860,033-735-5119,강원,원주시
(주)한국1339,일반구급차,75보5306,033-735-5119,강원,원주시
(주)한국1339,일반구급차,77거2927,033-735-5119,강원,원주시
(주)한국1339,특수구급차,75보5376,033-735-5119,강원,원주시
(주)한국1339,특수구급차,74너4554,033-735-5119,강원,원주시
(주)한국1339,특수구급차,74너4613,033-735-5119,강원,원주시
(주)한국1339,특수구급차,74너4581,033-735-5119,강원,원주시
(주)한국1339,특수구급차,77오4601,033-735-5119,강원,원주시
(주)한국1339,특수구급차,70두7581,033-735-5119,강원,원주시
(주)바른인명구조단,일반구급차,77어2834,033-253-0129,강원,춘천시
(주)바른인명구조단,특수구급차,72보1212,033-253-0129,강원,춘천시
(주)바른인명구조단,특수구급차,71더7532,033-253-0129,강원,춘천시
(주)바른인명구조단,특수구급차,75보9747,033-253-0129,강원,춘천시
(주)바른인명구조단,일반구급차,75보2309,033-253-0129,강원,춘천시
(주)바른인명구조단,특수구급차,70우5114,033-253-0129,강원,춘천시
(주)바른인명구조단,특수구급차,71노4832,033-253-0129,강원,춘천시
(주)바른인명구조단,특수구급차,78구3679,033-253-0129,강원,춘천시
(주)바른인명구조단,특수구급차,79모9214,033-253-0129,강원,춘천시
(주)바른인명구조단,특수구급차,76다1208,033-253-0129,강원,춘천시
(주)바른인명구조단,특수구급차,78마1872,033-253-0129,강원,춘천시
(주)바른인명구조단,특수구급차,79모9344,033-253-0129,강원,춘천시
(주)바른인명구조단,특수구급차,75누7829,033-253-0129,강원,춘천시
(주)바른인명구조단,일반구급차,78머7604,033-253-0129,강원,춘천시
(주)바른인명구조단,특수구급차,76다1248,033-253-0129,강원,춘천시
(주)바른인명구조단,특수구급차,71도3052,033-253-0129,강원,춘천시
(주)바른인명구조단,특수구급차,78구3956,033-253-0129,강원,춘천시
(주)바른인명구조단,특수구급차,79모9404,033-253-0129,강원,춘천시
(주)강원129이송단,특수구급차,70거8604,033-553-9129,강원,태백시
(주)강원129이송단,특수구급차,71부4750,033-553-9129,강원,태백시
(주)강원129이송단,특수구급차,73저3351,033-553-9129,강원,태백시
(주)강원129이송단,일반구급차,77너8276,033-553-9129,강원,태백시
(주)강원129이송단,특수구급차,79조5188,033-553-9129,강원,태백시
(주)강원129이송단,특수구급차,77오6755,033-553-9129,강원,태백시
(주)강원129이송단,특수구급차,71누9346,033-553-9129,강원,태백시
(주)129구급대,특수구급차,70거8870,033-434-3119,강원,홍천군
(주)129구급대,특수구급차,71저2191,033-434-3119,강원,홍천군
(주)129구급대,특수구급차,71더7915,033-434-3119,강원,홍천군
(주)129구급대,일반구급차,73라7901,033-434-3119,강원,홍천군
(주)129구급대,특수구급차,72보1210,033-434-3119,강원,홍천군
(주)129구급대,특수구급차,72보1149,033-434-3119,강원,홍천군
(주)129구급대,특수구급차,71부4645,033-434-3119,강원,홍천군
(주)129구급대,일반구급차,75라5019,033-434-3119,강원,홍천군
(주)129구급대,특수구급차,71부4806,033-434-3119,강원,홍천군
(주)129구급대,일반구급차,70거8610,033-434-3119,강원,홍천군
(주)129구급대,일반구급차,79모9373,033-434-3119,강원,홍천군
(주)129구급대,특수구급차,75누5538,033-434-3119,강원,홍천군
(주)129구급대,특수구급차,79더1358,033-434-3119,강원,홍천군
(주)129구급대,일반구급차,74너4528,033-434-3119,강원,홍천군
(주)129구급대,일반구급차,72보1404,033-434-3119,강원,홍천군
(주)129구급대,특수구급차,77너8289,033-434-3119,강원,홍천군
(주)129구급대,일반구급차,71다2883,033-434-3119,강원,홍천군
(주)129구급대,특수구급차,72머9494,033-434-3119,강원,홍천군
(주)129구급대,일반구급차,79조5198,033-434-3119,강원,홍천군
(주)129구급대,특수구급차,73조9456,033-434-3119,강원,홍천군
(주)129구급대,특수구급차,75누7862,033-434-3119,강원,홍천군
(주)129구급대,특수구급차,70부5360,033-434-3119,강원,홍천군
내토응급환자이송단,특수구급차,75라5418,043-652-2119,충북,제천시
내토응급환자이송단,특수구급차,75라5481,043-652-2119,충북,제천시
내토응급환자이송단,특수구급차,71마6228,043-652-2119,충북,제천시
내토응급환자이송단,특수구급차,75라5485,043-652-2119,충북,제천시
내토응급환자이송단,특수구급차,71마6207,043-652-2119,충북,제천시
(주)충북응급환자이송단,특수구급차,72보1204,043-222-1129,충북,청주시 서원구
(주)충북응급환자이송단,특수구급차,78나5249,043-222-1129,충북,청주시 서원구
(주)충북응급환자이송단,특수구급차,74우8631,043-222-1129,충북,청주시 서원구
(주)충북응급환자이송단,특수구급차,75도0962,043-222-1129,충북,청주시 서원구
(주)충북응급환자이송단,일반구급차,71오3045,043-222-1129,충북,청주시 서원구
(주)충북응급환자이송단,특수구급차,70가5059,043-222-1129,충북,청주시 서원구
(주)충북응급환자이송단,특수구급차,75우0253,043-222-1129,충북,청주시 서원구
충청구급이송센터,특수구급차,75거4258,043-264-0129,충북,청주시 흥덕구
충청구급이송센터,특수구급차,75보2651,043-264-0129,충북,청주시 흥덕구
충청구급이송센터,일반구급차,75거4440,043-264-0129,충북,청주시 흥덕구
충청구급이송센터,특수구급차,70저7524,043-264-0129,충북,청주시 흥덕구
충청구급이송센터,일반구급차,77소9998,043-264-0129,충북,청주시 흥덕구
충청구급이송센터,특수구급차,75우0239,043-264-0129,충북,청주시 흥덕구
충청구급이송센터,특수구급차,75머1721,043-264-0129,충북,청주시 흥덕구
충청구급이송센터,특수구급차,73루3544,043-264-0129,충북,청주시 흥덕구
충청구급이송센터,일반구급차,73루3539,043-264-0129,충북,청주시 흥덕구
충청구급이송센터,특수구급차,71누9309,043-264-0129,충북,청주시 흥덕구
충청구급이송센터,특수구급차,75머1774,043-264-0129,충북,청주시 흥덕구
(주)응급일이구,일반구급차,73나7814,043-853-1129,충북,충주시
(주)응급일이구,특수구급차,79더7503,043-853-1129,충북,충주시
(주)응급일이구,특수구급차,71더7513,043-853-1129,충북,충주시
(주)응급일이구,일반구급차,74도9668,043-853-1129,충북,충주시
(주)응급일이구,특수구급차,78구4385,043-853-1129,충북,충주시
(주)응급일이구,특수구급차,71나2397,043-853-1129,충북,충주시
(주)응급일이구,특수구급차,78구4291,043-853-1129,충북,충주시
중앙응급환자이송단,일반구급차,75거4040,043-857-1129,충북,충주시
중앙응급환자이송단,일반구급차,78거8631,043-857-1129,충북,충주시
중앙응급환자이송단,일반구급차,72보1374,043-857-1129,충북,충주시
중앙응급환자이송단,특수구급차,75보9941,043-857-1129,충북,충주시
중앙응급환자이송단,특수구급차,71누9362,043-857-1129,충북,충주시
중앙응급환자이송단,일반구급차,72누1662,043-857-1129,충북,충주시
중앙응급환자이송단,특수구급차,70부5363,043-857-1129,충북,충주시
중앙응급환자이송단,특수구급차,76보3186,043-857-1129,충북,충주시
중앙응급환자이송단,일반구급차,73루3505,043-857-1129,충북,충주시
중앙응급환자이송단,특수구급차,77오4647,043-857-1129,충북,충주시
중앙응급환자이송단,특수구급차,71누9437,043-857-1129,충북,충주시
중앙응급환자이송단,특수구급차,74루8886,043-857-1129,충북,충주시
중앙응급환자이송단,일반구급차,71소0160,043-857-1129,충북,충주시
중앙응급환자이송단,특수구급차,74루8877,043-857-1129,충북,충주시
(주)충남구급이송센터,특수구급차,79너1507,041-931-0129,충남,보령시
(주)충남구급이송센터,특수구급차,79너1521,041-931-0129,충남,보령시
(주)충남구급이송센터,특수구급차,79너1541,041-931-0129,충남,보령시
(주)충남구급이송센터,특수구급차,71소9683,041-931-0129,충남,보령시
(주)충남구급이송센터,특수구급차,71소9736,041-931-0129,충남,보령시
(주)충남129환자이송센터,특수구급차,70두7915,041-338-0129,충남,예산군
(주)충남129환자이송센터,특수구급차,79루2769,041-338-0129,충남,예산군
(주)충남129환자이송센터,특수구급차,75주4054,041-338-0129,충남,예산군
(주)충남129환자이송센터,특수구급차,79너1591,041-338-0129,충남,예산군
(주)충남129환자이송센터,특수구급차,74누0939,041-338-0129,충남,예산군
(주)충남129환자이송센터,일반구급차,70우8359,041-338-0129,충남,예산군
(주)충남129환자이송센터,특수구급차,71가4297,041-338-0129,충남,예산군
(주)충남129환자이송센터,일반구급차,70우8365,041-338-0129,충남,예산군
(주)충청응급환자이송단,특수구급차,71나5560,041-568-0129,충남,천안시 동남구
(주)충청응급환자이송단,특수구급차,77소9822,041-568-0129,충남,천안시 동남구
(주)충청응급환자이송단,특수구급차,73조6024,041-568-0129,충남,천안시 동남구
(주)충청응급환자이송단,특수구급차,72조1763,041-568-0129,충남,천안시 동남구
(주)충청응급환자이송단,특수구급차,78마9522,041-568-0129,충남,천안시 동남구
(주)충청응급환자이송단,특수구급차,75누4025,041-568-0129,충남,천안시 동남구
(주)충청응급환자이송단,특수구급차,74마9344,041-568-0129,충남,천안시 동남구
(주)충청응급환자이송단,특수구급차,74마9219,041-568-0129,충남,천안시 동남구
(주)충청응급환자이송단,특수구급차,78오4416,041-568-0129,충남,천안시 동남구
(주)충청응급환자이송단,특수구급차,78구3729,041-568-0129,충남,천안시 동남구
(주)충청응급환자이송단,특수구급차,78마9748,041-568-0129,충남,천안시 동남구
(주)충청응급환자이송단,일반구급차,76무9455,041-568-0129,충남,천안시 동남구
129응급환자이송단,특수구급차,73조6144,041-552-1129,충남,천안시 동남구
129응급환자이송단,특수구급차,77누7175,041-552-1129,충남,천안시 동남구
129응급환자이송단,특수구급차,77두6744,041-552-1129,충남,천안시 동남구
129응급환자이송단,특수구급차,71고6027,041-552-1129,충남,천안시 동남구
129응급환자이송단,특수구급차,72수7715,041-552-1129,충남,천안시 동남구
129응급환자이송단,특수구급차,78수7164,041-552-1129,충남,천안시 동남구
129응급환자이송단,특수구급차,74서2327,041-552-1129,충남,천안시 동남구
129응급환자이송단,일반구급차,79두1604,041-552-1129,충남,천안시 동남구
129응급환자이송단,특수구급차,78마9997,041-552-1129,충남,천안시 동남구
129응급환자이송단,일반구급차,70로8769,041-552-1129,충남,천안시 동남구
(주)하나구급센터,특수구급차,72보1109,041-622-2119,충남,천안시 서북구
(주)하나구급센터,특수구급차,77저1614,041-622-2119,충남,천안시 서북구
(주)하나구급센터,특수구급차,78나5267,041-622-2119,충남,천안시 서북구
(주)하나구급센터,특수구급차,78구3681,041-622-2119,충남,천안시 서북구
(주)하나구급센터,특수구급차,71소9665,041-622-2119,충남,천안시 서북구
(주)하나구급센터,특수구급차,75누4464,041-622-2119,충남,천안시 서북구
(주)하나구급센터,특수구급차,74수2600,041-622-2119,충남,천안시 서북구
(주)하나구급센터,특수구급차,74수2690,041-622-2119,충남,천안시 서북구
서해응급이송SOS,특수구급차,76루6459,063-545-1339,전북,김제시
서해응급이송SOS,특수구급차,73조6044,063-545-1339,전북,김제시
서해응급이송SOS,특수구급차,71저0595,063-545-1339,전북,김제시
서해응급이송SOS,특수구급차,74오2015,063-545-1339,전북,김제시
서해응급이송SOS,특수구급차,70버8434,063-545-1339,전북,김제시
서해응급이송SOS,특수구급차,74라4147,063-545-1339,전북,김제시
서해응급이송SOS,특수구급차,78보9429,063-545-1339,전북,김제시
(유)전북응급이송이엠에스,특수구급차,71무9540,063-851-1339,전북,익산시
(유)전북응급이송이엠에스,특수구급차,75라8003,063-851-1339,전북,익산시
(유)전북응급이송이엠에스,특수구급차,75라8225,063-851-1339,전북,익산시
(유)전북응급이송이엠에스,특수구급차,79너1509,063-851-1339,전북,익산시
(유)전북응급이송이엠에스,일반구급차,74라4415,063-851-1339,전북,익산시
(유)전북응급이송이엠에스,특수구급차,74라4364,063-851-1339,전북,익산시
(유)전북응급이송이엠에스,특수구급차,77오4769,063-851-1339,전북,익산시
(유)전북응급이송이엠에스,특수구급차,74라4047,063-851-1339,전북,익산시
(유)전북응급이송이엠에스,특수구급차,74도4300,063-851-1339,전북,익산시
(유)전북응급이송이엠에스,특수구급차,72거4048,063-851-1339,전북,익산시
(유)전북응급이송이엠에스,특수구급차,74도4471,063-851-1339,전북,익산시
(주)국민이엠에스,특수구급차,79보8088,063-272-3230,전북,전주시 덕진구
(주)국민이엠에스,특수구급차,79보8089,063-272-3230,전북,전주시 덕진구
(주)국민이엠에스,특수구급차,79보8091,063-272-3230,전북,전주시 덕진구
(주)국민이엠에스,특수구급차,79보8087,063-272-3230,전북,전주시 덕진구
(주)국민이엠에스,특수구급차,79보8090,063-272-3230,전북,전주시 덕진구
하나구급센터,특수구급차,71나5020,063-275-1339,전북,전주시 덕진구
하나구급센터,특수구급차,74오2000,063-275-1339,전북,전주시 덕진구
하나구급센터,특수구급차,79버8759,063-275-1339,전북,전주시 덕진구
하나구급센터,특수구급차,78거2842,063-275-1339,전북,전주시 덕진구
하나구급센터,특수구급차,74오2058,063-275-1339,전북,전주시 덕진구
(유)베스트응급환자이송센터,특수구급차,70가8202,063-534-0129,전북,정읍시
(유)베스트응급환자이송센터,특수구급차,73무4640,063-534-0129,전북,정읍시
(유)베스트응급환자이송센터,특수구급차,73무4641,063-534-0129,전북,정읍시
(유)베스트응급환자이송센터,특수구급차,74오2309,063-534-0129,전북,정읍시
(유)베스트응급환자이송센터,특수구급차,73무4944,063-534-0129,전북,정읍시
(유)남도응급환자이송단,특수구급차,71노7117,061-434-0129,전남,강진군
(유)남도응급환자이송단,특수구급차,71노7363,061-434-0129,전남,강진군
(유)남도응급환자이송단,특수구급차,78머6736,061-434-0129,전남,강진군
(유)남도응급환자이송단,특수구급차,75로0505,061-434-0129,전남,강진군
(유)남도응급환자이송단,특수구급차,78머6670,061-434-0129,전남,강진군
대한구조단,특수구급차,70나9477,1899-7129,전남,목포시
대한구조단,특수구급차,75무7631,1899-7129,전남,목포시
대한구조단,특수구급차,72오0566,1899-7129,전남,목포시
대한구조단,특수구급차,71부0166,1899-7129,전남,목포시
대한구조단,특수구급차,78구3924,1899-7129,전남,목포시
한국911구급센터,특수구급차,73도2918,1644-9139,전남,목포시
한국911구급센터,특수구급차,74고6458,1644-9139,전남,목포시
한국911구급센터,특수구급차,72보1022,1644-9139,전남,목포시
한국911구급센터,특수구급차,72보1021,1644-9139,전남,목포시
한국911구급센터,특수구급차,73도2714,1644-9139,전남,목포시
한국911구급센터,특수구급차,70수9149,1644-9139,전남,목포시
한국911구급센터,특수구급차,78다9129,1644-9139,전남,목포시
한국911구급센터,특수구급차,72조1285,1644-9139,전남,목포시
전남EMS,특수구급차,72소9103,061-862-0129,전남,보성군
전남EMS,특수구급차,76버8560,061-862-0129,전남,보성군
전남EMS,특수구급차,76버8598,061-862-0129,전남,보성군
전남EMS,특수구급차,76버8553,061-862-0129,전남,보성군
전남EMS,특수구급차,76버8587,061-862-0129,전남,보성군
(유)129이송센터,특수구급차,73조9434,061-741-0129,전남,순천시
(유)129이송센터,특수구급차,76무9450,061-741-0129,전남,순천시
(유)129이송센터,특수구급차,73거7869,061-741-0129,전남,순천시
(유)129이송센터,특수구급차,70루1400,061-741-0129,전남,순천시
(유)129이송센터,특수구급차,76보7500,061-741-0129,전남,순천시
(주)다온구일일구급센터,특수구급차,78서2544,061-721-1339,전남,순천시
(주)다온구일일구급센터,특수구급차,78서2540,061-721-1339,전남,순천시
(주)다온구일일구급센터,특수구급차,78서2541,061-721-1339,전남,순천시
(주)다온구일일구급센터,특수구급차,77누9974,061-721-1339,전남,순천시
(주)다온구일일구급센터,특수구급차,70라8425,061-721-1339,전남,순천시
(주)다온구일일구급센터,특수구급차,76무9396,061-721-1339,전남,순천시
(주)다온구일일구급센터,특수구급차,72조1207,061-721-1339,전남,순천시
(주)다온구일일구급센터,특수구급차,76보7829,061-721-1339,전남,순천시
중앙911,특수구급차,70루1415,061-353-9585,전남,영광군
중앙911,특수구급차,71수2168,061-353-9585,전남,영광군
중앙911,특수구급차,72버9023,061-353-9585,전남,영광군
중앙911,특수구급차,72버9025,061-353-9585,전남,영광군
중앙911,일반구급차,72버9013,061-353-9585,전남,영광군
중앙911,특수구급차,72버9063,061-353-9585,전남,영광군
육해상구조대,특수구급차,78서2573,061-375-9575,전남,화순군
육해상구조대,특수구급차,72주8571,061-375-9575,전남,화순군
육해상구조대,특수구급차,75나9077,061-375-9575,전남,화순군
육해상구조대,특수구급차,71어2050,061-375-9575,전남,화순군
육해상구조대,특수구급차,75거2232,061-375-9575,전남,화순군
제일이송단,특수구급차,74누8835,061-374-9575,전남,화순군
제일이송단,특수구급차,70나9062,061-374-9575,전남,화순군
제일이송단,특수구급차,71구8900,061-374-9575,전남,화순군
제일이송단,특수구급차,75나9088,061-374-9575,전남,화순군
제일이송단,특수구급차,71어2040,061-374-9575,전남,화순군
(주)경북네오메딕,특수구급차,70두7997,1899-6129,경북,경산시
(주)경북네오메딕,일반구급차,75저8220,1899-6129,경북,경산시
(주)경북네오메딕,특수구급차,70두7941,1899-6129,경북,경산시
(주)경북네오메딕,특수구급차,73수5245,1899-6129,경북,경산시
(주)경북네오메딕,일반구급차,72머9505,1899-6129,경북,경산시
(주)경북네오메딕,특수구급차,75보9844,1899-6129,경북,경산시
(주)경북네오메딕,특수구급차,72보1064,1899-6129,경북,경산시
(주)경북네오메딕,일반구급차,79너1517,1899-6129,경북,경산시
(주)경북네오메딕,일반구급차,75보5469,1899-6129,경북,경산시
(주)경북네오메딕,특수구급차,78마9601,1899-6129,경북,경산시
(주)경북네오메딕,특수구급차,72머9775,1899-6129,경북,경산시
(주)경북네오메딕,특수구급차,75마8083,1899-6129,경북,경산시
(주)경북네오메딕,특수구급차,78서1105,1899-6129,경북,경산시
(주)경북네오메딕,특수구급차,75저5591,1899-6129,경북,경산시
(주)경북네오메딕,특수구급차,78도9816,1899-6129,경북,경산시
(주)경북네오메딕,일반구급차,72머9709,1899-6129,경북,경산시
(주)경북네오메딕,특수구급차,78도9861,1899-6129,경북,경산시
(주)경북네오메딕,특수구급차,72머9724,1899-6129,경북,경산시
(주)경북네오메딕,특수구급차,74모7038,1899-6129,경북,경산시
(주)경북네오메딕,특수구급차,73주3582,1899-6129,경북,경산시
(주)경북이엠에스,특수구급차,72머9705,053-814-0129,경북,경산시
(주)경북이엠에스,특수구급차,78도9844,053-814-0129,경북,경산시
(주)경북이엠에스,특수구급차,78도9842,053-814-0129,경북,경산시
(주)경북이엠에스,특수구급차,76무9338,053-814-0129,경북,경산시
(주)경북이엠에스,특수구급차,78도9860,053-814-0129,경북,경산시
(주)경북이엠에스,특수구급차,73버2578,053-814-0129,경북,경산시
(주)경북이엠에스,특수구급차,73버2556,053-814-0129,경북,경산시
(주)경북이엠에스,특수구급차,73버2576,053-814-0129,경북,경산시
(주)신라응급,특수구급차,77라5680,054-744-1339,경북,경주시
(주)신라응급,특수구급차,70부3939,054-744-1339,경북,경주시
(주)신라응급,특수구급차,70로8805,054-744-1339,경북,경주시
(주)신라응급,특수구급차,70로8803,054-744-1339,경북,경주시
(주)신라응급,특수구급차,71로3812,054-744-1339,경북,경주시
(주)신라응급,특수구급차,73로1715,054-744-1339,경북,경주시
(주)경북골든타임,특수구급차,75누5947,054-455-1119,경북,구미시
(주)경북골든타임,특수구급차,72부2801,054-455-1119,경북,구미시
(주)경북골든타임,일반구급차,78부3599,054-455-1119,경북,구미시
(주)경북골든타임,특수구급차,71서3690,054-455-1119,경북,구미시
(주)경북골든타임,특수구급차,71노4702,054-455-1119,경북,구미시
(주)경북골든타임,특수구급차,77오4925,054-455-1119,경북,구미시
(주)경북골든타임,특수구급차,70수2197,054-455-1119,경북,구미시
(주)경북골든타임,특수구급차,79도2642,054-455-1119,경북,구미시
(주)메디컬천사,특수구급차,71두7291,054-554-1290,경북,문경시
(주)메디컬천사,특수구급차,73마8126,054-554-1290,경북,문경시
(주)메디컬천사,특수구급차,74모8768,054-554-1290,경북,문경시
(주)메디컬천사,특수구급차,76무9253,054-554-1290,경북,문경시
(주)메디컬천사,일반구급차,71두7340,054-554-1290,경북,문경시
(주)메디컬천사,특수구급차,71무3862,054-554-1290,경북,문경시
(주)메디컬천사,특수구급차,76루8160,054-554-1290,경북,문경시
(주)메디컬천사,특수구급차,73서0434,054-554-1290,경북,문경시
(주)메디컬천사,특수구급차,73서0444,054-554-1290,경북,문경시
(주)메디컬천사,특수구급차,78구3917,054-554-1290,경북,문경시
(주)메디컬천사,특수구급차,73서0437,054-554-1290,경북,문경시
(주)경북이송,특수구급차,78부3401,054-823-1339,경북,안동시
(주)경북이송,특수구급차,79수3588,054-823-1339,경북,안동시
(주)경북이송,특수구급차,73나7885,054-823-1339,경북,안동시
(주)경북이송,특수구급차,70로8873,054-823-1339,경북,안동시
(주)경북이송,특수구급차,79더6825,054-823-1339,경북,안동시
(주)경북이송,일반구급차,71나9090,054-823-1339,경북,안동시
(주)경북이송,특수구급차,78고1174,054-823-1339,경북,안동시
(주)경북코스비,특수구급차,70두7683,054-821-1199,경북,안동시
(주)경북코스비,특수구급차,79너1627,054-821-1199,경북,안동시
(주)경북코스비,특수구급차,70마6633,054-821-1199,경북,안동시
(주)경북코스비,특수구급차,71두7446,054-821-1199,경북,안동시
(주)경북코스비,특수구급차,74러1700,054-821-1199,경북,안동시
(주)경북코스비,특수구급차,79더6833,054-821-1199,경북,안동시
(주)대한이송센터,특수구급차,78오6565,054-732-0094,경북,영덕군
(주)대한이송센터,특수구급차,78나2087,054-732-0094,경북,영덕군
(주)대한이송센터,특수구급차,72보1303,054-732-0094,경북,영덕군
(주)대한이송센터,특수구급차,78오6537,054-732-0094,경북,영덕군
(주)대한이송센터,일반구급차,78오6777,054-732-0094,경북,영덕군
(주)대한이송센터,특수구급차,72우9422,054-732-0094,경북,영덕군
(주)대한이송센터,특수구급차,77주4697,054-732-0094,경북,영덕군
(주)대한이송센터,특수구급차,78구3972,054-732-0094,경북,영덕군
(주)경북세이브타임,일반구급차,74고9089,054-283-1339,경북,포항시 남구
(주)경북세이브타임,특수구급차,79너1503,054-283-1339,경북,포항시 남구
(주)경북세이브타임,특수구급차,75저5532,054-283-1339,경북,포항시 남구
(주)경북세이브타임,특수구급차,74소8744,054-283-1339,경북,포항시 남구
(주)경북세이브타임,특수구급차,75저5547,054-283-1339,경북,포항시 남구
(주)경북세이브타임,특수구급차,72머9839,054-283-1339,경북,포항시 남구
(주)경북세이브타임,일반구급차,71주8177,054-283-1339,경북,포항시 남구
(주)구급대장,특수구급차,79너1764,054-286-0123,경북,포항시 남구
(주)구급대장,특수구급차,75거3711,054-286-0123,경북,포항시 남구
(주)구급대장,특수구급차,73버2573,054-286-0123,경북,포항시 남구
(주)구급대장,특수구급차,78도9814,054-286-0123,경북,포항시 남구
(주)구급대장,특수구급차,73버2520,054-286-0123,경북,포항시 남구
(주)구오구오응급구조단,특수구급차,74우8909,055-941-9595,경남,거창군
(주)구오구오응급구조단,특수구급차,70더7951,055-941-9595,경남,거창군
(주)구오구오응급구조단,특수구급차,79너1643,055-941-9595,경남,거창군
(주)구오구오응급구조단,특수구급차,71다5759,055-941-9595,경남,거창군
(주)구오구오응급구조단,특수구급차,79더8024,055-941-9595,경남,거창군
(주)신세계911,특수구급차,73다7308,055-338-8119,경남,김해시
(주)신세계911,특수구급차,73다7302,055-338-8119,경남,김해시
(주)신세계911,특수구급차,73다7304,055-338-8119,경남,김해시
(주)신세계911,특수구급차,73다7303,055-338-8119,경남,김해시
(주)신세계911,특수구급차,73다7300,055-338-8119,경남,김해시
(주)한국응급이송단,특수구급차,74너4149,055-327-0911,경남,김해시
(주)한국응급이송단,특수구급차,72수9695,055-327-0911,경남,김해시
(주)한국응급이송단,특수구급차,72수9556,055-327-0911,경남,김해시
(주)한국응급이송단,특수구급차,79누4098,055-327-0911,경남,김해시
(주)한국응급이송단,특수구급차,70오8414,055-327-0911,경남,김해시
비원이엠에쓰(주),특수구급차,73주5225,055-331-3117,경남,김해시
비원이엠에쓰(주),특수구급차,73주5033,055-331-3117,경남,김해시
비원이엠에쓰(주),특수구급차,73주5282,055-331-3117,경남,김해시
비원이엠에쓰(주),특수구급차,73주5086,055-331-3117,경남,김해시
비원이엠에쓰(주),특수구급차,73주5189,055-331-3117,경남,김해시
비원이엠에쓰(주),특수구급차,73조9179,055-331-3117,경남,김해시
(주)경남응급이송단,특수구급차,73어3238,055-246-1339,경남,창원시 마산합포구
(주)경남응급이송단,특수구급차,74오3784,055-246-1339,경남,창원시 마산합포구
(주)경남응급이송단,특수구급차,78구3140,055-246-1339,경남,창원시 마산합포구
(주)경남응급이송단,특수구급차,74오3666,055-246-1339,경남,창원시 마산합포구
(주)경남응급이송단,특수구급차,71너4820,055-246-1339,경남,창원시 마산합포구
(주)경남응급이송단,일반구급차,75주2745,055-246-1339,경남,창원시 마산합포구
(주)경남응급이송단,특수구급차,75마6214,055-246-1339,경남,창원시 마산합포구
(주)경남응급이송단,일반구급차,75마6083,055-246-1339,경남,창원시 마산합포구
(주)경남응급이송단,특수구급차,78노6580,055-246-1339,경남,창원시 마산합포구
(주)EMS,특수구급차,73고6384,055-251-0129,경남,창원시 마산회원구
(주)EMS,특수구급차,73무6700,055-251-0129,경남,창원시 마산회원구
(주)EMS,특수구급차,76로1796,055-251-0129,경남,창원시 마산회원구
(주)EMS,특수구급차,70부7624,055-251-0129,경남,창원시 마산회원구
(주)EMS,특수구급차,74오3674,055-251-0129,경남,창원시 마산회원구
(주)EMS,특수구급차,70부1026,055-251-0129,경남,창원시 마산회원구
(주)EMS,특수구급차,70부1003,055-251-0129,경남,창원시 마산회원구
(주)중앙911구급대,특수구급차,72다6046,055-237-9195,경남,창원시 마산회원구
(주)중앙911구급대,특수구급차,77오4581,055-237-9195,경남,창원시 마산회원구
(주)중앙911구급대,특수구급차,79두2862,055-237-9195,경남,창원시 마산회원구
(주)중앙911구급대,일반구급차,73다8836,055-237-9195,경남,창원시 마산회원구
(주)중앙911구급대,특수구급차,74소2701,055-237-9195,경남,창원시 마산회원구
(주)중앙911구급대,특수구급차,73고6224,055-237-9195,경남,창원시 마산회원구
(주)중앙911구급대,특수구급차,71모4711,055-237-9195,경남,창원시 마산회원구
(주)중앙911구급대,특수구급차,72다6459,055-237-9195,경남,창원시 마산회원구
(주)중앙911구급대,특수구급차,74머4714,055-237-9195,경남,창원시 마산회원구
(주)중앙911구급대,특수구급차,71오3663,055-237-9195,경남,창원시 마산회원구
(주)중앙911구급대,특수구급차,78누6457,055-237-9195,경남,창원시 마산회원구
주식회사하트세이버,특수구급차,77주3935,055-744-2119,경남,창원시 의창구
주식회사하트세이버,특수구급차,78서2543,055-744-2119,경남,창원시 의창구
주식회사하트세이버,특수구급차,72다6234,055-744-2119,경남,창원시 의창구
주식회사하트세이버,특수구급차,73다8840,055-744-2119,경남,창원시 의창구
주식회사하트세이버,특수구급차,75라3390,055-744-2119,경남,창원시 의창구
주식회사하트세이버,특수구급차,75라3312,055-744-2119,경남,창원시 의창구
주식회사하트세이버,특수구급차,79고9221,055-744-2119,경남,창원시 의창구
주식회사하트세이버,특수구급차,71도5989,055-744-2119,경남,창원시 의창구
주식회사하트세이버,특수구급차,71소7637,055-744-2119,경남,창원시 의창구
주식회사하트세이버,특수구급차,72더1713,055-744-2119,경남,창원시 의창구
주식회사하트세이버,특수구급차,78누6285,055-744-2119,경남,창원시 의창구
주식회사하트세이버,특수구급차,71누9415,055-744-2119,경남,창원시 의창구
주식회사하트세이버,특수구급차,71소7722,055-744-2119,경남,창원시 의창구
주식회사하트세이버,특수구급차,71도5938,055-744-2119,경남,창원시 의창구
주식회사하트세이버,특수구급차,74머4884,055-744-2119,경남,창원시 의창구
(주)한국에스오에스구급대,특수구급차,70저8765,055-649-2339,경남,통영시
(주)한국에스오에스구급대,특수구급차,74머6230,055-649-2339,경남,통영시
(주)한국에스오에스구급대,특수구급차,71모4927,055-649-2339,경남,통영시
(주)한국에스오에스구급대,특수구급차,70머9902,055-649-2339,경남,통영시
(주)한국에스오에스구급대,특수구급차,70머9901,055-649-2339,경남,통영시
(주)프로텍션메드제주,특수구급차,70오6198,064-755-1339,제주,제주시
(주)프로텍션메드제주,특수구급차,71도9990,064-755-1339,제주,제주시
(주)프로텍션메드제주,특수구급차,71두7474,064-755-1339,제주,제주시
(주)프로텍션메드제주,특수구급차,74라3775,064-755-1339,제주,제주시
(주)프로텍션메드제주,특수구급차,76루9171,064-755-1339,제주,제주시
